"tweet_id","in_reply_to_status_id","in_reply_to_user_id","timestamp","source","text","retweeted_status_id","retweeted_status_user_id","retweeted_status_timestamp","expanded_urls"
"929272644498624513","","","2017-11-11 09:00:38 +0000","<a href=""http://example.com"" rel=""nofollow"">Raspberry Pi Status Tweeter Kaon</a>","01:00:28: Good morning! I just came back up from reboot!","","","",""
"928910251935481857","","","2017-11-10 09:00:37 +0000","<a href=""http://example.com"" rel=""nofollow"">Raspberry Pi Status Tweeter Kaon</a>","01:00:28: Good morning! I just came back up from reboot!","","","",""
"928547861226184704","","","2017-11-09 09:00:36 +0000","<a href=""http://example.com"" rel=""nofollow"">Raspberry Pi Status Tweeter Kaon</a>","01:00:27: Good morning! I just came back up from reboot!","","","",""
"928185443870326785","","","2017-11-08 09:00:29 +0000","<a href=""http://example.com"" rel=""nofollow"">Raspberry Pi Status Tweeter Kaon</a>","01:00:18: Good morning! I just came back up from reboot!","","","",""
"928123887702781952","","","2017-11-08 04:55:53 +0000","<a href=""http://twitter.com"" rel=""nofollow"">Twitter Web Client</a>","RT @alex_gude: I had to do brain surgery on @RaspberryPion... But I'm trying to be a good citizen and document how to ""fix"" it!

https://t.â€¦","903481984579600386","745085457646526465","2017-09-01 04:57:45 +0000","https://raspberrypi.stackexchange.com/a/71969/38557"
"927823096790138881","","","2017-11-07 09:00:39 +0000","<a href=""http://example.com"" rel=""nofollow"">Raspberry Pi Status Tweeter Kaon</a>","01:00:29: Good morning! I just came back up from reboot!","","","",""
"927460704705060864","","","2017-11-06 09:00:38 +0000","<a href=""http://example.com"" rel=""nofollow"">Raspberry Pi Status Tweeter Kaon</a>","01:00:29: Good morning! I just came back up from reboot!","","","",""
"927083216606863361","","","2017-11-05 08:00:37 +0000","<a href=""http://example.com"" rel=""nofollow"">Raspberry Pi Status Tweeter Kaon</a>","01:00:29: Good morning! I just came back up from reboot!","","","",""
"926720791986573312","","","2017-11-04 08:00:29 +0000","<a href=""http://example.com"" rel=""nofollow"">Raspberry Pi Status Tweeter Kaon</a>","01:00:28: Good morning! I just came back up from reboot!","","","",""
"926358443614642176","","","2017-11-03 08:00:38 +0000","<a href=""http://example.com"" rel=""nofollow"">Raspberry Pi Status Tweeter Kaon</a>","01:00:29: Good morning! I just came back up from reboot!","","","",""
"925996055606435840","","","2017-11-02 08:00:38 +0000","<a href=""http://example.com"" rel=""nofollow"">Raspberry Pi Status Tweeter Kaon</a>","01:00:30: Good morning! I just came back up from reboot!","","","",""
"925633667472297984","","","2017-11-01 08:00:38 +0000","<a href=""http://example.com"" rel=""nofollow"">Raspberry Pi Status Tweeter Kaon</a>","01:00:29: Good morning! I just came back up from reboot!","","","",""
"925271274191912965","","","2017-10-31 08:00:37 +0000","<a href=""http://example.com"" rel=""nofollow"">Raspberry Pi Status Tweeter Kaon</a>","01:00:28: Good morning! I just came back up from reboot!","","","",""
"924908885596561408","","","2017-10-30 08:00:36 +0000","<a href=""http://example.com"" rel=""nofollow"">Raspberry Pi Status Tweeter Kaon</a>","01:00:28: Good morning! I just came back up from reboot!","","","",""
"924546502055174144","","","2017-10-29 08:00:37 +0000","<a href=""http://example.com"" rel=""nofollow"">Raspberry Pi Status Tweeter Kaon</a>","01:00:29: Good morning! I just came back up from reboot!","","","",""
"924184118212026368","","","2017-10-28 08:00:38 +0000","<a href=""http://example.com"" rel=""nofollow"">Raspberry Pi Status Tweeter Kaon</a>","01:00:30: Good morning! I just came back up from reboot!","","","",""
"923821723824267264","","","2017-10-27 08:00:37 +0000","<a href=""http://example.com"" rel=""nofollow"">Raspberry Pi Status Tweeter Kaon</a>","01:00:29: Good morning! I just came back up from reboot!","","","",""
"923459339892822016","","","2017-10-26 08:00:38 +0000","<a href=""http://example.com"" rel=""nofollow"">Raspberry Pi Status Tweeter Kaon</a>","01:00:30: Good morning! I just came back up from reboot!","","","",""
"923096954900398080","","","2017-10-25 08:00:39 +0000","<a href=""http://example.com"" rel=""nofollow"">Raspberry Pi Status Tweeter Kaon</a>","01:00:29: Good morning! I just came back up from reboot!","","","",""
"922734560063799297","","","2017-10-24 08:00:37 +0000","<a href=""http://example.com"" rel=""nofollow"">Raspberry Pi Status Tweeter Kaon</a>","01:00:29: Good morning! I just came back up from reboot!","","","",""
"922372179152355328","","","2017-10-23 08:00:39 +0000","<a href=""http://example.com"" rel=""nofollow"">Raspberry Pi Status Tweeter Kaon</a>","01:00:30: Good morning! I just came back up from reboot!","","","",""
"922009784395558912","","","2017-10-22 08:00:37 +0000","<a href=""http://example.com"" rel=""nofollow"">Raspberry Pi Status Tweeter Kaon</a>","01:00:28: Good morning! I just came back up from reboot!","","","",""
"921647360727433216","","","2017-10-21 08:00:28 +0000","<a href=""http://example.com"" rel=""nofollow"">Raspberry Pi Status Tweeter Kaon</a>","01:00:20: Good morning! I just came back up from reboot!","","","",""
"921285012321734657","","","2017-10-20 08:00:38 +0000","<a href=""http://example.com"" rel=""nofollow"">Raspberry Pi Status Tweeter Kaon</a>","01:00:29: Good morning! I just came back up from reboot!","","","",""
"920922616356945920","","","2017-10-19 08:00:36 +0000","<a href=""http://example.com"" rel=""nofollow"">Raspberry Pi Status Tweeter Kaon</a>","01:00:27: Good morning! I just came back up from reboot!","","","",""
"920560228634042368","","","2017-10-18 08:00:36 +0000","<a href=""http://example.com"" rel=""nofollow"">Raspberry Pi Status Tweeter Kaon</a>","01:00:27: Good morning! I just came back up from reboot!","","","",""
"920197841271717888","","","2017-10-17 08:00:36 +0000","<a href=""http://example.com"" rel=""nofollow"">Raspberry Pi Status Tweeter Kaon</a>","01:00:28: Good morning! I just came back up from reboot!","","","",""
"919835460137926656","","","2017-10-16 08:00:38 +0000","<a href=""http://example.com"" rel=""nofollow"">Raspberry Pi Status Tweeter Kaon</a>","01:00:29: Good morning! I just came back up from reboot!","","","",""
"919473070229807104","","","2017-10-15 08:00:37 +0000","<a href=""http://example.com"" rel=""nofollow"">Raspberry Pi Status Tweeter Kaon</a>","01:00:28: Good morning! I just came back up from reboot!","","","",""
"919110683622457344","","","2017-10-14 08:00:37 +0000","<a href=""http://example.com"" rel=""nofollow"">Raspberry Pi Status Tweeter Kaon</a>","01:00:29: Good morning! I just came back up from reboot!","","","",""
"918748291138912256","","","2017-10-13 08:00:36 +0000","<a href=""http://example.com"" rel=""nofollow"">Raspberry Pi Status Tweeter Kaon</a>","01:00:27: Good morning! I just came back up from reboot!","","","",""
"918385902161772544","","","2017-10-12 08:00:36 +0000","<a href=""http://example.com"" rel=""nofollow"">Raspberry Pi Status Tweeter Kaon</a>","01:00:27: Good morning! I just came back up from reboot!","","","",""
"918023519128006656","","","2017-10-11 08:00:37 +0000","<a href=""http://example.com"" rel=""nofollow"">Raspberry Pi Status Tweeter Kaon</a>","01:00:28: Good morning! I just came back up from reboot!","","","",""
"917661129886679040","","","2017-10-10 08:00:37 +0000","<a href=""http://example.com"" rel=""nofollow"">Raspberry Pi Status Tweeter Kaon</a>","01:00:28: Good morning! I just came back up from reboot!","","","",""
"917298745871495168","","","2017-10-09 08:00:38 +0000","<a href=""http://example.com"" rel=""nofollow"">Raspberry Pi Status Tweeter Kaon</a>","01:00:29: Good morning! I just came back up from reboot!","","","",""
"916936312552226817","","","2017-10-08 08:00:27 +0000","<a href=""http://example.com"" rel=""nofollow"">Raspberry Pi Status Tweeter Kaon</a>","01:00:19: Good morning! I just came back up from reboot!","","","",""
"916573967753736192","","","2017-10-07 08:00:37 +0000","<a href=""http://example.com"" rel=""nofollow"">Raspberry Pi Status Tweeter Kaon</a>","01:00:29: Good morning! I just came back up from reboot!","","","",""
"916211580634677248","","","2017-10-06 08:00:37 +0000","<a href=""http://example.com"" rel=""nofollow"">Raspberry Pi Status Tweeter Kaon</a>","01:00:28: Good morning! I just came back up from reboot!","","","",""
"915849188348387328","","","2017-10-05 08:00:36 +0000","<a href=""http://example.com"" rel=""nofollow"">Raspberry Pi Status Tweeter Kaon</a>","01:00:27: Good morning! I just came back up from reboot!","","","",""
"915486798381424640","","","2017-10-04 08:00:36 +0000","<a href=""http://example.com"" rel=""nofollow"">Raspberry Pi Status Tweeter Kaon</a>","01:00:27: Good morning! I just came back up from reboot!","","","",""
"915124418732425219","","","2017-10-03 08:00:38 +0000","<a href=""http://example.com"" rel=""nofollow"">Raspberry Pi Status Tweeter Kaon</a>","01:00:29: Good morning! I just came back up from reboot!","","","",""
"914762032091504641","","","2017-10-02 08:00:38 +0000","<a href=""http://example.com"" rel=""nofollow"">Raspberry Pi Status Tweeter Kaon</a>","01:00:30: Good morning! I just came back up from reboot!","","","",""
"914399598537433088","","","2017-10-01 08:00:27 +0000","<a href=""http://example.com"" rel=""nofollow"">Raspberry Pi Status Tweeter Kaon</a>","01:00:18: Good morning! I just came back up from reboot!","","","",""
"914037253361434624","","","2017-09-30 08:00:37 +0000","<a href=""http://example.com"" rel=""nofollow"">Raspberry Pi Status Tweeter Kaon</a>","01:00:29: Good morning! I just came back up from reboot!","","","",""
"913674863507734528","","","2017-09-29 08:00:37 +0000","<a href=""http://example.com"" rel=""nofollow"">Raspberry Pi Status Tweeter Kaon</a>","01:00:28: Good morning! I just came back up from reboot!","","","",""
"913312482097192961","","","2017-09-28 08:00:38 +0000","<a href=""http://example.com"" rel=""nofollow"">Raspberry Pi Status Tweeter Kaon</a>","01:00:30: Good morning! I just came back up from reboot!","","","",""
"912950055052726272","","","2017-09-27 08:00:29 +0000","<a href=""http://example.com"" rel=""nofollow"">Raspberry Pi Status Tweeter Kaon</a>","01:00:29: Good morning! I just came back up from reboot!","","","",""
"912587701710348289","","","2017-09-26 08:00:37 +0000","<a href=""http://example.com"" rel=""nofollow"">Raspberry Pi Status Tweeter Kaon</a>","01:00:29: Good morning! I just came back up from reboot!","","","",""
"912225314436038656","","","2017-09-25 08:00:37 +0000","<a href=""http://example.com"" rel=""nofollow"">Raspberry Pi Status Tweeter Kaon</a>","01:00:29: Good morning! I just came back up from reboot!","","","",""
"911862927744942080","","","2017-09-24 08:00:38 +0000","<a href=""http://example.com"" rel=""nofollow"">Raspberry Pi Status Tweeter Kaon</a>","01:00:29: Good morning! I just came back up from reboot!","","","",""
"911500538352607239","","","2017-09-23 08:00:37 +0000","<a href=""http://example.com"" rel=""nofollow"">Raspberry Pi Status Tweeter Kaon</a>","01:00:29: Good morning! I just came back up from reboot!","","","",""
"911138148901462016","","","2017-09-22 08:00:37 +0000","<a href=""http://example.com"" rel=""nofollow"">Raspberry Pi Status Tweeter Kaon</a>","01:00:27: Good morning! I just came back up from reboot!","","","",""
"910775759723098112","","","2017-09-21 08:00:37 +0000","<a href=""http://example.com"" rel=""nofollow"">Raspberry Pi Status Tweeter Kaon</a>","01:00:28: Good morning! I just came back up from reboot!","","","",""
"910413374596407296","","","2017-09-20 08:00:37 +0000","<a href=""http://example.com"" rel=""nofollow"">Raspberry Pi Status Tweeter Kaon</a>","01:00:29: Good morning! I just came back up from reboot!","","","",""
"910050983484387329","","","2017-09-19 08:00:37 +0000","<a href=""http://example.com"" rel=""nofollow"">Raspberry Pi Status Tweeter Kaon</a>","01:00:28: Good morning! I just came back up from reboot!","","","",""
"909688600488374273","","","2017-09-18 08:00:38 +0000","<a href=""http://example.com"" rel=""nofollow"">Raspberry Pi Status Tweeter Kaon</a>","01:00:29: Good morning! I just came back up from reboot!","","","",""
"909326210534072320","","","2017-09-17 08:00:37 +0000","<a href=""http://example.com"" rel=""nofollow"">Raspberry Pi Status Tweeter Kaon</a>","01:00:29: Good morning! I just came back up from reboot!","","","",""
"908963820042838016","","","2017-09-16 08:00:37 +0000","<a href=""http://example.com"" rel=""nofollow"">Raspberry Pi Status Tweeter Kaon</a>","01:00:27: Good morning! I just came back up from reboot!","","","",""
"908601438837678080","","","2017-09-15 08:00:38 +0000","<a href=""http://example.com"" rel=""nofollow"">Raspberry Pi Status Tweeter Kaon</a>","01:00:29: Good morning! I just came back up from reboot!","","","",""
"908533439887925248","","","2017-09-15 03:30:26 +0000","<a href=""http://example.com"" rel=""nofollow"">Raspberry Pi Status Tweeter Kaon</a>","19:17:21: Good morning! I just came back up from reboot!","","","",""
"908239046572359681","","","2017-09-14 08:00:37 +0000","<a href=""http://example.com"" rel=""nofollow"">Raspberry Pi Status Tweeter Kaon</a>","01:00:29: Good morning! I just came back up from reboot!","","","",""
"907876670400430080","","","2017-09-13 08:00:40 +0000","<a href=""http://example.com"" rel=""nofollow"">Raspberry Pi Status Tweeter Kaon</a>","01:00:29: Good morning! I just came back up from reboot!","","","",""
"907827498762883073","","","2017-09-13 04:45:16 +0000","<a href=""http://example.com"" rel=""nofollow"">Raspberry Pi Status Tweeter Kaon</a>","21:45:07: Good morning! I just came back up from reboot!","","","",""
"901716058624614400","","","2017-08-27 08:00:36 +0000","<a href=""http://example.com"" rel=""nofollow"">Raspberry Pi Status Tweeter Kaon</a>","01:00:27: Good morning! I just came back up from reboot!","","","",""
"901353684570734592","","","2017-08-26 08:00:39 +0000","<a href=""http://example.com"" rel=""nofollow"">Raspberry Pi Status Tweeter Kaon</a>","01:00:30: Good morning! I just came back up from reboot!","","","",""
"900991288245329920","","","2017-08-25 08:00:37 +0000","<a href=""http://example.com"" rel=""nofollow"">Raspberry Pi Status Tweeter Kaon</a>","01:00:28: Good morning! I just came back up from reboot!","","","",""
"900628905391824896","","","2017-08-24 08:00:38 +0000","<a href=""http://example.com"" rel=""nofollow"">Raspberry Pi Status Tweeter Kaon</a>","01:00:28: Good morning! I just came back up from reboot!","","","",""
"900266517094219776","","","2017-08-23 08:00:38 +0000","<a href=""http://example.com"" rel=""nofollow"">Raspberry Pi Status Tweeter Kaon</a>","01:00:29: Good morning! I just came back up from reboot!","","","",""
"899904130952552448","","","2017-08-22 08:00:38 +0000","<a href=""http://example.com"" rel=""nofollow"">Raspberry Pi Status Tweeter Kaon</a>","01:00:30: Good morning! I just came back up from reboot!","","","",""
"899541743472738304","","","2017-08-21 08:00:38 +0000","<a href=""http://example.com"" rel=""nofollow"">Raspberry Pi Status Tweeter Kaon</a>","01:00:30: Good morning! I just came back up from reboot!","","","",""
"899179352436297728","","","2017-08-20 08:00:38 +0000","<a href=""http://example.com"" rel=""nofollow"">Raspberry Pi Status Tweeter Kaon</a>","01:00:30: Good morning! I just came back up from reboot!","","","",""
"898816964600004608","","","2017-08-19 08:00:38 +0000","<a href=""http://example.com"" rel=""nofollow"">Raspberry Pi Status Tweeter Kaon</a>","01:00:28: Good morning! I just came back up from reboot!","","","",""
"898454579993378816","","","2017-08-18 08:00:39 +0000","<a href=""http://example.com"" rel=""nofollow"">Raspberry Pi Status Tweeter Kaon</a>","01:00:29: Good morning! I just came back up from reboot!","","","",""
"898092189435047936","","","2017-08-17 08:00:38 +0000","<a href=""http://example.com"" rel=""nofollow"">Raspberry Pi Status Tweeter Kaon</a>","01:00:29: Good morning! I just came back up from reboot!","","","",""
"897729797488594944","","","2017-08-16 08:00:37 +0000","<a href=""http://example.com"" rel=""nofollow"">Raspberry Pi Status Tweeter Kaon</a>","01:00:28: Good morning! I just came back up from reboot!","","","",""
"897367409723490305","","","2017-08-15 08:00:37 +0000","<a href=""http://example.com"" rel=""nofollow"">Raspberry Pi Status Tweeter Kaon</a>","01:00:29: Good morning! I just came back up from reboot!","","","",""
"897005023770443776","","","2017-08-14 08:00:37 +0000","<a href=""http://example.com"" rel=""nofollow"">Raspberry Pi Status Tweeter Kaon</a>","01:00:29: Good morning! I just came back up from reboot!","","","",""
"896642637867790337","","","2017-08-13 08:00:38 +0000","<a href=""http://example.com"" rel=""nofollow"">Raspberry Pi Status Tweeter Kaon</a>","01:00:29: Good morning! I just came back up from reboot!","","","",""
"896280247095574530","","","2017-08-12 08:00:37 +0000","<a href=""http://example.com"" rel=""nofollow"">Raspberry Pi Status Tweeter Kaon</a>","01:00:28: Good morning! I just came back up from reboot!","","","",""
"895917856931500032","","","2017-08-11 08:00:37 +0000","<a href=""http://example.com"" rel=""nofollow"">Raspberry Pi Status Tweeter Kaon</a>","01:00:28: Good morning! I just came back up from reboot!","","","",""
"895555468336156672","","","2017-08-10 08:00:36 +0000","<a href=""http://example.com"" rel=""nofollow"">Raspberry Pi Status Tweeter Kaon</a>","01:00:27: Good morning! I just came back up from reboot!","","","",""
"895193087076687872","","","2017-08-09 08:00:38 +0000","<a href=""http://example.com"" rel=""nofollow"">Raspberry Pi Status Tweeter Kaon</a>","01:00:29: Good morning! I just came back up from reboot!","","","",""
"894830695926841344","","","2017-08-08 08:00:37 +0000","<a href=""http://example.com"" rel=""nofollow"">Raspberry Pi Status Tweeter Kaon</a>","01:00:29: Good morning! I just came back up from reboot!","","","",""
"894468307000086528","","","2017-08-07 08:00:37 +0000","<a href=""http://example.com"" rel=""nofollow"">Raspberry Pi Status Tweeter Kaon</a>","01:00:28: Good morning! I just came back up from reboot!","","","",""
"894105924226371584","","","2017-08-06 08:00:38 +0000","<a href=""http://example.com"" rel=""nofollow"">Raspberry Pi Status Tweeter Kaon</a>","01:00:30: Good morning! I just came back up from reboot!","","","",""
"893743541721063424","","","2017-08-05 08:00:39 +0000","<a href=""http://example.com"" rel=""nofollow"">Raspberry Pi Status Tweeter Kaon</a>","01:00:30: Good morning! I just came back up from reboot!","","","",""
"893381148637708288","","","2017-08-04 08:00:38 +0000","<a href=""http://example.com"" rel=""nofollow"">Raspberry Pi Status Tweeter Kaon</a>","01:00:30: Good morning! I just came back up from reboot!","","","",""
"893271529219211264","","745085457646526465","2017-08-04 00:45:03 +0000","<a href=""http://example.com"" rel=""nofollow"">Raspberry Pi Status Tweeter Kaon</a>","@alex_gude 17:45:03: Watch out! @Caltrain mentioned your train in their tweets!","","","",""
"893267756732133376","","745085457646526465","2017-08-04 00:30:03 +0000","<a href=""http://example.com"" rel=""nofollow"">Raspberry Pi Status Tweeter Kaon</a>","@alex_gude 17:30:03: Watch out! @Caltrain mentioned your train in their tweets!","","","",""
"893263982601003009","","745085457646526465","2017-08-04 00:15:04 +0000","<a href=""http://example.com"" rel=""nofollow"">Raspberry Pi Status Tweeter Kaon</a>","@alex_gude 17:15:03: Watch out! @Caltrain mentioned your train in their tweets!","","","",""
"893018762097508356","","","2017-08-03 08:00:39 +0000","<a href=""http://example.com"" rel=""nofollow"">Raspberry Pi Status Tweeter Kaon</a>","01:00:30: Good morning! I just came back up from reboot!","","","",""
"892656384071712768","","","2017-08-02 08:00:41 +0000","<a href=""http://example.com"" rel=""nofollow"">Raspberry Pi Status Tweeter Kaon</a>","01:00:33: Good morning! I just came back up from reboot!","","","",""
"892293984877400064","","","2017-08-01 08:00:38 +0000","<a href=""http://example.com"" rel=""nofollow"">Raspberry Pi Status Tweeter Kaon</a>","01:00:30: Good morning! I just came back up from reboot!","","","",""
"891931594088263681","","","2017-07-31 08:00:37 +0000","<a href=""http://example.com"" rel=""nofollow"">Raspberry Pi Status Tweeter Kaon</a>","01:00:29: Good morning! I just came back up from reboot!","","","",""
"891569206830915590","","","2017-07-30 08:00:38 +0000","<a href=""http://example.com"" rel=""nofollow"">Raspberry Pi Status Tweeter Kaon</a>","01:00:29: Good morning! I just came back up from reboot!","","","",""
"891206816494792704","","","2017-07-29 08:00:37 +0000","<a href=""http://example.com"" rel=""nofollow"">Raspberry Pi Status Tweeter Kaon</a>","01:00:28: Good morning! I just came back up from reboot!","","","",""
"890844766295826432","","","2017-07-28 08:01:58 +0000","<a href=""http://example.com"" rel=""nofollow"">Raspberry Pi Status Tweeter Kaon</a>","01:01:49: Good morning! I just came back up from reboot!","","","",""
"890482045574459392","","","2017-07-27 08:00:38 +0000","<a href=""http://example.com"" rel=""nofollow"">Raspberry Pi Status Tweeter Kaon</a>","01:00:29: Good morning! I just came back up from reboot!","","","",""
"890372428634836993","","745085457646526465","2017-07-27 00:45:03 +0000","<a href=""http://example.com"" rel=""nofollow"">Raspberry Pi Status Tweeter Kaon</a>","@alex_gude 17:45:03: Watch out! @Caltrain mentioned your train in their tweets!","","","",""
"890368652192628736","","745085457646526465","2017-07-27 00:30:03 +0000","<a href=""http://example.com"" rel=""nofollow"">Raspberry Pi Status Tweeter Kaon</a>","@alex_gude 17:30:03: Watch out! @Caltrain mentioned your train in their tweets!","","","",""
"890364878896078849","","745085457646526465","2017-07-27 00:15:03 +0000","<a href=""http://example.com"" rel=""nofollow"">Raspberry Pi Status Tweeter Kaon</a>","@alex_gude 17:15:03: Watch out! @Caltrain mentioned your train in their tweets!","","","",""
"890361101489061888","","745085457646526465","2017-07-27 00:00:03 +0000","<a href=""http://example.com"" rel=""nofollow"">Raspberry Pi Status Tweeter Kaon</a>","@alex_gude 17:00:03: Watch out! @Caltrain mentioned your train in their tweets!","","","",""
"890357329090060290","","745085457646526465","2017-07-26 23:45:03 +0000","<a href=""http://example.com"" rel=""nofollow"">Raspberry Pi Status Tweeter Kaon</a>","@alex_gude 16:45:03: Watch out! @Caltrain mentioned your train in their tweets!","","","",""
"890353552454934528","","745085457646526465","2017-07-26 23:30:03 +0000","<a href=""http://example.com"" rel=""nofollow"">Raspberry Pi Status Tweeter Kaon</a>","@alex_gude 16:30:03: Watch out! @Caltrain mentioned your train in their tweets!","","","",""
"890349779028393985","","745085457646526465","2017-07-26 23:15:03 +0000","<a href=""http://example.com"" rel=""nofollow"">Raspberry Pi Status Tweeter Kaon</a>","@alex_gude 16:15:03: Watch out! @Caltrain mentioned your train in their tweets!","","","",""
"890119671432851457","","","2017-07-26 08:00:41 +0000","<a href=""http://example.com"" rel=""nofollow"">Raspberry Pi Status Tweeter Kaon</a>","01:00:33: Good morning! I just came back up from reboot!","","","",""
"889757266634653696","","","2017-07-25 08:00:37 +0000","<a href=""http://example.com"" rel=""nofollow"">Raspberry Pi Status Tweeter Kaon</a>","01:00:30: Good morning! I just came back up from reboot!","","","",""
"889394880912400388","","","2017-07-24 08:00:38 +0000","<a href=""http://example.com"" rel=""nofollow"">Raspberry Pi Status Tweeter Kaon</a>","01:00:29: Good morning! I just came back up from reboot!","","","",""
"889032491993972736","","","2017-07-23 08:00:38 +0000","<a href=""http://example.com"" rel=""nofollow"">Raspberry Pi Status Tweeter Kaon</a>","01:00:30: Good morning! I just came back up from reboot!","","","",""
"888670110684069888","","","2017-07-22 08:00:39 +0000","<a href=""http://example.com"" rel=""nofollow"">Raspberry Pi Status Tweeter Kaon</a>","01:00:29: Good morning! I just came back up from reboot!","","","",""
"888307718028640256","","","2017-07-21 08:00:38 +0000","<a href=""http://example.com"" rel=""nofollow"">Raspberry Pi Status Tweeter Kaon</a>","01:00:29: Good morning! I just came back up from reboot!","","","",""
"887945329395380225","","","2017-07-20 08:00:38 +0000","<a href=""http://example.com"" rel=""nofollow"">Raspberry Pi Status Tweeter Kaon</a>","01:00:29: Good morning! I just came back up from reboot!","","","",""
"887582943543087104","","","2017-07-19 08:00:38 +0000","<a href=""http://example.com"" rel=""nofollow"">Raspberry Pi Status Tweeter Kaon</a>","01:00:30: Good morning! I just came back up from reboot!","","","",""
"887220549457371136","","","2017-07-18 08:00:37 +0000","<a href=""http://example.com"" rel=""nofollow"">Raspberry Pi Status Tweeter Kaon</a>","01:00:28: Good morning! I just came back up from reboot!","","","",""
"886858177819549698","","","2017-07-17 08:00:41 +0000","<a href=""http://example.com"" rel=""nofollow"">Raspberry Pi Status Tweeter Kaon</a>","01:00:32: Good morning! I just came back up from reboot!","","","",""
"886495775118602240","","","2017-07-16 08:00:37 +0000","<a href=""http://example.com"" rel=""nofollow"">Raspberry Pi Status Tweeter Kaon</a>","01:00:29: Good morning! I just came back up from reboot!","","","",""
"886133385382379520","","","2017-07-15 08:00:37 +0000","<a href=""http://example.com"" rel=""nofollow"">Raspberry Pi Status Tweeter Kaon</a>","01:00:28: Good morning! I just came back up from reboot!","","","",""
"885771000545239041","","","2017-07-14 08:00:38 +0000","<a href=""http://example.com"" rel=""nofollow"">Raspberry Pi Status Tweeter Kaon</a>","01:00:29: Good morning! I just came back up from reboot!","","","",""
"885661386562445313","","745085457646526465","2017-07-14 00:45:04 +0000","<a href=""http://example.com"" rel=""nofollow"">Raspberry Pi Status Tweeter Kaon</a>","@alex_gude 17:45:03: Watch out! @Caltrain mentioned your train in their tweets!","","","",""
"885657609495134208","","745085457646526465","2017-07-14 00:30:03 +0000","<a href=""http://example.com"" rel=""nofollow"">Raspberry Pi Status Tweeter Kaon</a>","@alex_gude 17:30:03: Watch out! @Caltrain mentioned your train in their tweets!","","","",""
"885653837167476736","","745085457646526465","2017-07-14 00:15:04 +0000","<a href=""http://example.com"" rel=""nofollow"">Raspberry Pi Status Tweeter Kaon</a>","@alex_gude 17:15:03: Watch out! @Caltrain mentioned your train in their tweets!","","","",""
"885650061530615808","","745085457646526465","2017-07-14 00:00:03 +0000","<a href=""http://example.com"" rel=""nofollow"">Raspberry Pi Status Tweeter Kaon</a>","@alex_gude 17:00:03: Watch out! @Caltrain mentioned your train in their tweets!","","","",""
"885646284345843712","","745085457646526465","2017-07-13 23:45:03 +0000","<a href=""http://example.com"" rel=""nofollow"">Raspberry Pi Status Tweeter Kaon</a>","@alex_gude 16:45:03: Watch out! @Caltrain mentioned your train in their tweets!","","","",""
"885408614982139905","","","2017-07-13 08:00:38 +0000","<a href=""http://example.com"" rel=""nofollow"">Raspberry Pi Status Tweeter Kaon</a>","01:00:30: Good morning! I just came back up from reboot!","","","",""
"885046238298742791","","","2017-07-12 08:00:41 +0000","<a href=""http://example.com"" rel=""nofollow"">Raspberry Pi Status Tweeter Kaon</a>","01:00:32: Good morning! I just came back up from reboot!","","","",""
"884683831764172800","","","2017-07-11 08:00:36 +0000","<a href=""http://example.com"" rel=""nofollow"">Raspberry Pi Status Tweeter Kaon</a>","01:00:28: Good morning! I just came back up from reboot!","","","",""
"884321460415643648","","","2017-07-10 08:00:40 +0000","<a href=""http://example.com"" rel=""nofollow"">Raspberry Pi Status Tweeter Kaon</a>","01:00:31: Good morning! I just came back up from reboot!","","","",""
"883959059157729282","","","2017-07-09 08:00:37 +0000","<a href=""http://example.com"" rel=""nofollow"">Raspberry Pi Status Tweeter Kaon</a>","01:00:28: Good morning! I just came back up from reboot!","","","",""
"883596669694033920","","","2017-07-08 08:00:37 +0000","<a href=""http://example.com"" rel=""nofollow"">Raspberry Pi Status Tweeter Kaon</a>","01:00:28: Good morning! I just came back up from reboot!","","","",""
"883234280700207104","","","2017-07-07 08:00:36 +0000","<a href=""http://example.com"" rel=""nofollow"">Raspberry Pi Status Tweeter Kaon</a>","01:00:27: Good morning! I just came back up from reboot!","","","",""
"882871900585603073","","","2017-07-06 08:00:38 +0000","<a href=""http://example.com"" rel=""nofollow"">Raspberry Pi Status Tweeter Kaon</a>","01:00:29: Good morning! I just came back up from reboot!","","","",""
"882509512351010817","","","2017-07-05 08:00:38 +0000","<a href=""http://example.com"" rel=""nofollow"">Raspberry Pi Status Tweeter Kaon</a>","01:00:29: Good morning! I just came back up from reboot!","","","",""
"882147128557973504","","","2017-07-04 08:00:39 +0000","<a href=""http://example.com"" rel=""nofollow"">Raspberry Pi Status Tweeter Kaon</a>","01:00:30: Good morning! I just came back up from reboot!","","","",""
"881784734472327168","","","2017-07-03 08:00:38 +0000","<a href=""http://example.com"" rel=""nofollow"">Raspberry Pi Status Tweeter Kaon</a>","01:00:29: Good morning! I just came back up from reboot!","","","",""
"881422348108283904","","","2017-07-02 08:00:38 +0000","<a href=""http://example.com"" rel=""nofollow"">Raspberry Pi Status Tweeter Kaon</a>","01:00:30: Good morning! I just came back up from reboot!","","","",""
"881059954072756224","","","2017-07-01 08:00:37 +0000","<a href=""http://example.com"" rel=""nofollow"">Raspberry Pi Status Tweeter Kaon</a>","01:00:28: Good morning! I just came back up from reboot!","","","",""
"880697572331048961","","","2017-06-30 08:00:38 +0000","<a href=""http://example.com"" rel=""nofollow"">Raspberry Pi Status Tweeter Kaon</a>","01:00:29: Good morning! I just came back up from reboot!","","","",""
"880335194351218688","","","2017-06-29 08:00:40 +0000","<a href=""http://example.com"" rel=""nofollow"">Raspberry Pi Status Tweeter Kaon</a>","01:00:31: Good morning! I just came back up from reboot!","","","",""
"879972795270049794","","","2017-06-28 08:00:38 +0000","<a href=""http://example.com"" rel=""nofollow"">Raspberry Pi Status Tweeter Kaon</a>","01:00:29: Good morning! I just came back up from reboot!","","","",""
"879610403667320833","","","2017-06-27 08:00:37 +0000","<a href=""http://example.com"" rel=""nofollow"">Raspberry Pi Status Tweeter Kaon</a>","01:00:29: Good morning! I just came back up from reboot!","","","",""
"879248012874096640","","","2017-06-26 08:00:36 +0000","<a href=""http://example.com"" rel=""nofollow"">Raspberry Pi Status Tweeter Kaon</a>","01:00:27: Good morning! I just came back up from reboot!","","","",""
"878885639281704961","","","2017-06-25 08:00:39 +0000","<a href=""http://example.com"" rel=""nofollow"">Raspberry Pi Status Tweeter Kaon</a>","01:00:30: Good morning! I just came back up from reboot!","","","",""
"878523245036658688","","","2017-06-24 08:00:38 +0000","<a href=""http://example.com"" rel=""nofollow"">Raspberry Pi Status Tweeter Kaon</a>","01:00:28: Good morning! I just came back up from reboot!","","","",""
"878160849810071552","","","2017-06-23 08:00:36 +0000","<a href=""http://example.com"" rel=""nofollow"">Raspberry Pi Status Tweeter Kaon</a>","01:00:27: Good morning! I just came back up from reboot!","","","",""
"877798473688432640","","","2017-06-22 08:00:39 +0000","<a href=""http://example.com"" rel=""nofollow"">Raspberry Pi Status Tweeter Kaon</a>","01:00:30: Good morning! I just came back up from reboot!","","","",""
"877436077971091457","","","2017-06-21 08:00:37 +0000","<a href=""http://example.com"" rel=""nofollow"">Raspberry Pi Status Tweeter Kaon</a>","01:00:28: Good morning! I just came back up from reboot!","","","",""
"877073688738136064","","","2017-06-20 08:00:37 +0000","<a href=""http://example.com"" rel=""nofollow"">Raspberry Pi Status Tweeter Kaon</a>","01:00:28: Good morning! I just came back up from reboot!","","","",""
"876711310951448577","","","2017-06-19 08:00:39 +0000","<a href=""http://example.com"" rel=""nofollow"">Raspberry Pi Status Tweeter Kaon</a>","01:00:30: Good morning! I just came back up from reboot!","","","",""
"876348914428919808","","","2017-06-18 08:00:37 +0000","<a href=""http://example.com"" rel=""nofollow"">Raspberry Pi Status Tweeter Kaon</a>","01:00:29: Good morning! I just came back up from reboot!","","","",""
"875986522108960768","","","2017-06-17 08:00:36 +0000","<a href=""http://example.com"" rel=""nofollow"">Raspberry Pi Status Tweeter Kaon</a>","01:00:27: Good morning! I just came back up from reboot!","","","",""
"875624144146022400","","","2017-06-16 08:00:38 +0000","<a href=""http://example.com"" rel=""nofollow"">Raspberry Pi Status Tweeter Kaon</a>","01:00:30: Good morning! I just came back up from reboot!","","","",""
"875261750374838272","","","2017-06-15 08:00:37 +0000","<a href=""http://example.com"" rel=""nofollow"">Raspberry Pi Status Tweeter Kaon</a>","01:00:28: Good morning! I just came back up from reboot!","","","",""
"874899362031251456","","","2017-06-14 08:00:37 +0000","<a href=""http://example.com"" rel=""nofollow"">Raspberry Pi Status Tweeter Kaon</a>","01:00:27: Good morning! I just came back up from reboot!","","","",""
"874650080107573248","","745085457646526465","2017-06-13 15:30:03 +0000","<a href=""http://example.com"" rel=""nofollow"">Raspberry Pi Status Tweeter Kaon</a>","@alex_gude 08:30:03: Watch out! @Caltrain mentioned your train in their tweets!","","","",""
"874646303132704768","","745085457646526465","2017-06-13 15:15:03 +0000","<a href=""http://example.com"" rel=""nofollow"">Raspberry Pi Status Tweeter Kaon</a>","@alex_gude 08:15:03: Watch out! @Caltrain mentioned your train in their tweets!","","","",""
"874642529160908800","","745085457646526465","2017-06-13 15:00:03 +0000","<a href=""http://example.com"" rel=""nofollow"">Raspberry Pi Status Tweeter Kaon</a>","@alex_gude 08:00:03: Watch out! @Caltrain mentioned your train in their tweets!","","","",""
"874536972986929152","","","2017-06-13 08:00:37 +0000","<a href=""http://example.com"" rel=""nofollow"">Raspberry Pi Status Tweeter Kaon</a>","01:00:28: Good morning! I just came back up from reboot!","","","",""
"874174586069278721","","","2017-06-12 08:00:37 +0000","<a href=""http://example.com"" rel=""nofollow"">Raspberry Pi Status Tweeter Kaon</a>","01:00:28: Good morning! I just came back up from reboot!","","","",""
"873812210799136768","","","2017-06-11 08:00:40 +0000","<a href=""http://example.com"" rel=""nofollow"">Raspberry Pi Status Tweeter Kaon</a>","01:00:31: Good morning! I just came back up from reboot!","","","",""
"873449819661979650","","","2017-06-10 08:00:39 +0000","<a href=""http://example.com"" rel=""nofollow"">Raspberry Pi Status Tweeter Kaon</a>","01:00:30: Good morning! I just came back up from reboot!","","","",""
"873087419960049664","","","2017-06-09 08:00:36 +0000","<a href=""http://example.com"" rel=""nofollow"">Raspberry Pi Status Tweeter Kaon</a>","01:00:28: Good morning! I just came back up from reboot!","","","",""
"872725045805592576","","","2017-06-08 08:00:40 +0000","<a href=""http://example.com"" rel=""nofollow"">Raspberry Pi Status Tweeter Kaon</a>","01:00:31: Good morning! I just came back up from reboot!","","","",""
"872362649014730752","","","2017-06-07 08:00:37 +0000","<a href=""http://example.com"" rel=""nofollow"">Raspberry Pi Status Tweeter Kaon</a>","01:00:29: Good morning! I just came back up from reboot!","","","",""
"872000260918263808","","","2017-06-06 08:00:37 +0000","<a href=""http://example.com"" rel=""nofollow"">Raspberry Pi Status Tweeter Kaon</a>","01:00:28: Good morning! I just came back up from reboot!","","","",""
"871637873690165249","","","2017-06-05 08:00:37 +0000","<a href=""http://example.com"" rel=""nofollow"">Raspberry Pi Status Tweeter Kaon</a>","01:00:29: Good morning! I just came back up from reboot!","","","",""
"871275481416335360","","","2017-06-04 08:00:36 +0000","<a href=""http://example.com"" rel=""nofollow"">Raspberry Pi Status Tweeter Kaon</a>","01:00:28: Good morning! I just came back up from reboot!","","","",""
"870913100513292288","","","2017-06-03 08:00:38 +0000","<a href=""http://example.com"" rel=""nofollow"">Raspberry Pi Status Tweeter Kaon</a>","01:00:29: Good morning! I just came back up from reboot!","","","",""
"870550722869215232","","","2017-06-02 08:00:41 +0000","<a href=""http://example.com"" rel=""nofollow"">Raspberry Pi Status Tweeter Kaon</a>","01:00:32: Good morning! I just came back up from reboot!","","","",""
"870188332147331072","","","2017-06-01 08:00:40 +0000","<a href=""http://example.com"" rel=""nofollow"">Raspberry Pi Status Tweeter Kaon</a>","01:00:31: Good morning! I just came back up from reboot!","","","",""
"869825935465263105","","","2017-05-31 08:00:38 +0000","<a href=""http://example.com"" rel=""nofollow"">Raspberry Pi Status Tweeter Kaon</a>","01:00:28: Good morning! I just came back up from reboot!","","","",""
"869463551018127361","","","2017-05-30 08:00:39 +0000","<a href=""http://example.com"" rel=""nofollow"">Raspberry Pi Status Tweeter Kaon</a>","01:00:30: Good morning! I just came back up from reboot!","","","",""
"869101154335981568","","","2017-05-29 08:00:36 +0000","<a href=""http://example.com"" rel=""nofollow"">Raspberry Pi Status Tweeter Kaon</a>","01:00:28: Good morning! I just came back up from reboot!","","","",""
"869063298364219392","","","2017-05-29 05:30:11 +0000","<a href=""http://example.com"" rel=""nofollow"">Raspberry Pi Status Tweeter Kaon</a>","22:30:02: Good morning! I just came back up from reboot!","","","",""
"868738781297299456","","","2017-05-28 08:00:40 +0000","<a href=""http://example.com"" rel=""nofollow"">Raspberry Pi Status Tweeter Kaon</a>","01:00:31: Good morning! I just came back up from reboot!","","","",""
"868376378026020864","","","2017-05-27 08:00:36 +0000","<a href=""http://example.com"" rel=""nofollow"">Raspberry Pi Status Tweeter Kaon</a>","01:00:27: Good morning! I just came back up from reboot!","","","",""
"868013992677040129","","","2017-05-26 08:00:37 +0000","<a href=""http://example.com"" rel=""nofollow"">Raspberry Pi Status Tweeter Kaon</a>","01:00:28: Good morning! I just came back up from reboot!","","","",""
"867651611325218817","","","2017-05-25 08:00:38 +0000","<a href=""http://example.com"" rel=""nofollow"">Raspberry Pi Status Tweeter Kaon</a>","01:00:30: Good morning! I just came back up from reboot!","","","",""
"867289215444242432","","","2017-05-24 08:00:37 +0000","<a href=""http://example.com"" rel=""nofollow"">Raspberry Pi Status Tweeter Kaon</a>","01:00:28: Good morning! I just came back up from reboot!","","","",""
"866926831055675393","","","2017-05-23 08:00:37 +0000","<a href=""http://example.com"" rel=""nofollow"">Raspberry Pi Status Tweeter Kaon</a>","01:00:28: Good morning! I just came back up from reboot!","","","",""
"866817215927943171","","745085457646526465","2017-05-23 00:45:03 +0000","<a href=""http://example.com"" rel=""nofollow"">Raspberry Pi Status Tweeter Kaon</a>","@alex_gude 17:45:03: Watch out! @Caltrain mentioned your train in their tweets!","","","",""
"866564437490114560","","","2017-05-22 08:00:36 +0000","<a href=""http://example.com"" rel=""nofollow"">Raspberry Pi Status Tweeter Kaon</a>","01:00:27: Good morning! I just came back up from reboot!","","","",""
"866202055299317761","","","2017-05-21 08:00:37 +0000","<a href=""http://example.com"" rel=""nofollow"">Raspberry Pi Status Tweeter Kaon</a>","01:00:29: Good morning! I just came back up from reboot!","","","",""
"865839668494876678","","","2017-05-20 08:00:38 +0000","<a href=""http://example.com"" rel=""nofollow"">Raspberry Pi Status Tweeter Kaon</a>","01:00:28: Good morning! I just came back up from reboot!","","","",""
"865477282386685952","","","2017-05-19 08:00:38 +0000","<a href=""http://example.com"" rel=""nofollow"">Raspberry Pi Status Tweeter Kaon</a>","01:00:29: Good morning! I just came back up from reboot!","","","",""
"865114895645155328","","","2017-05-18 08:00:38 +0000","<a href=""http://example.com"" rel=""nofollow"">Raspberry Pi Status Tweeter Kaon</a>","01:00:29: Good morning! I just came back up from reboot!","","","",""
"864752502679379968","","","2017-05-17 08:00:37 +0000","<a href=""http://example.com"" rel=""nofollow"">Raspberry Pi Status Tweeter Kaon</a>","01:00:28: Good morning! I just came back up from reboot!","","","",""
"864390124540280832","","","2017-05-16 08:00:39 +0000","<a href=""http://example.com"" rel=""nofollow"">Raspberry Pi Status Tweeter Kaon</a>","01:00:31: Good morning! I just came back up from reboot!","","","",""
"864027723869462528","","","2017-05-15 08:00:36 +0000","<a href=""http://example.com"" rel=""nofollow"">Raspberry Pi Status Tweeter Kaon</a>","01:00:28: Good morning! I just came back up from reboot!","","","",""
"863665336331124736","","","2017-05-14 08:00:36 +0000","<a href=""http://example.com"" rel=""nofollow"">Raspberry Pi Status Tweeter Kaon</a>","01:00:27: Good morning! I just came back up from reboot!","","","",""
"863302945927946241","","","2017-05-13 08:00:36 +0000","<a href=""http://example.com"" rel=""nofollow"">Raspberry Pi Status Tweeter Kaon</a>","01:00:27: Good morning! I just came back up from reboot!","","","",""
"862940562478972928","","","2017-05-12 08:00:37 +0000","<a href=""http://example.com"" rel=""nofollow"">Raspberry Pi Status Tweeter Kaon</a>","01:00:28: Good morning! I just came back up from reboot!","","","",""
"862578172285509633","","","2017-05-11 08:00:36 +0000","<a href=""http://example.com"" rel=""nofollow"">Raspberry Pi Status Tweeter Kaon</a>","01:00:28: Good morning! I just came back up from reboot!","","","",""
"862215783904038912","","","2017-05-10 08:00:36 +0000","<a href=""http://example.com"" rel=""nofollow"">Raspberry Pi Status Tweeter Kaon</a>","01:00:28: Good morning! I just came back up from reboot!","","","",""
"861853398785597440","","","2017-05-09 08:00:37 +0000","<a href=""http://example.com"" rel=""nofollow"">Raspberry Pi Status Tweeter Kaon</a>","01:00:29: Good morning! I just came back up from reboot!","","","",""
"861491009791721475","","","2017-05-08 08:00:37 +0000","<a href=""http://example.com"" rel=""nofollow"">Raspberry Pi Status Tweeter Kaon</a>","01:00:27: Good morning! I just came back up from reboot!","","","",""
"861128631505960960","","","2017-05-07 08:00:39 +0000","<a href=""http://example.com"" rel=""nofollow"">Raspberry Pi Status Tweeter Kaon</a>","01:00:30: Good morning! I just came back up from reboot!","","","",""
"860766239605440512","","","2017-05-06 08:00:38 +0000","<a href=""http://example.com"" rel=""nofollow"">Raspberry Pi Status Tweeter Kaon</a>","01:00:28: Good morning! I just came back up from reboot!","","","",""
"860403847927287808","","","2017-05-05 08:00:37 +0000","<a href=""http://example.com"" rel=""nofollow"">Raspberry Pi Status Tweeter Kaon</a>","01:00:28: Good morning! I just came back up from reboot!","","","",""
"860294233025990656","","745085457646526465","2017-05-05 00:45:03 +0000","<a href=""http://example.com"" rel=""nofollow"">Raspberry Pi Status Tweeter Kaon</a>","@alex_gude 17:45:03: Watch out! @Caltrain mentioned your train in their tweets!","","","",""
"860290459993690112","","745085457646526465","2017-05-05 00:30:03 +0000","<a href=""http://example.com"" rel=""nofollow"">Raspberry Pi Status Tweeter Kaon</a>","@alex_gude 17:30:03: Watch out! @Caltrain mentioned your train in their tweets!","","","",""
"860286683517919232","","745085457646526465","2017-05-05 00:15:03 +0000","<a href=""http://example.com"" rel=""nofollow"">Raspberry Pi Status Tweeter Kaon</a>","@alex_gude 17:15:03: Watch out! @Caltrain mentioned your train in their tweets!","","","",""
"860282909244047362","","745085457646526465","2017-05-05 00:00:03 +0000","<a href=""http://example.com"" rel=""nofollow"">Raspberry Pi Status Tweeter Kaon</a>","@alex_gude 17:00:03: Watch out! @Caltrain mentioned your train in their tweets!","","","",""
"860279135884648448","","745085457646526465","2017-05-04 23:45:03 +0000","<a href=""http://example.com"" rel=""nofollow"">Raspberry Pi Status Tweeter Kaon</a>","@alex_gude 16:45:03: Watch out! @Caltrain mentioned your train in their tweets!","","","",""
"860275359580798977","","745085457646526465","2017-05-04 23:30:03 +0000","<a href=""http://example.com"" rel=""nofollow"">Raspberry Pi Status Tweeter Kaon</a>","@alex_gude 16:30:03: Watch out! @Caltrain mentioned your train in their tweets!","","","",""
"860271586477195264","","745085457646526465","2017-05-04 23:15:03 +0000","<a href=""http://example.com"" rel=""nofollow"">Raspberry Pi Status Tweeter Kaon</a>","@alex_gude 16:15:03: Watch out! @Caltrain mentioned your train in their tweets!","","","",""
"860267810991128576","","745085457646526465","2017-05-04 23:00:03 +0000","<a href=""http://example.com"" rel=""nofollow"">Raspberry Pi Status Tweeter Kaon</a>","@alex_gude 16:00:03: Watch out! @Caltrain mentioned your train in their tweets!","","","",""
"860041459214409728","","","2017-05-04 08:00:37 +0000","<a href=""http://example.com"" rel=""nofollow"">Raspberry Pi Status Tweeter Kaon</a>","01:00:28: Good morning! I just came back up from reboot!","","","",""
"859679076679770112","","","2017-05-03 08:00:38 +0000","<a href=""http://example.com"" rel=""nofollow"">Raspberry Pi Status Tweeter Kaon</a>","01:00:29: Good morning! I just came back up from reboot!","","","",""
"859316687488794624","","","2017-05-02 08:00:38 +0000","<a href=""http://example.com"" rel=""nofollow"">Raspberry Pi Status Tweeter Kaon</a>","01:00:29: Good morning! I just came back up from reboot!","","","",""
"858954298461265920","","","2017-05-01 08:00:38 +0000","<a href=""http://example.com"" rel=""nofollow"">Raspberry Pi Status Tweeter Kaon</a>","01:00:28: Good morning! I just came back up from reboot!","","","",""
"858591913837862916","","","2017-04-30 08:00:38 +0000","<a href=""http://example.com"" rel=""nofollow"">Raspberry Pi Status Tweeter Kaon</a>","01:00:30: Good morning! I just came back up from reboot!","","","",""
"858229523220807680","","","2017-04-29 08:00:38 +0000","<a href=""http://example.com"" rel=""nofollow"">Raspberry Pi Status Tweeter Kaon</a>","01:00:28: Good morning! I just came back up from reboot!","","","",""
"857867133610414080","","","2017-04-28 08:00:37 +0000","<a href=""http://example.com"" rel=""nofollow"">Raspberry Pi Status Tweeter Kaon</a>","01:00:29: Good morning! I just came back up from reboot!","","","",""
"857504762048036865","","","2017-04-27 08:00:41 +0000","<a href=""http://example.com"" rel=""nofollow"">Raspberry Pi Status Tweeter Kaon</a>","01:00:33: Good morning! I just came back up from reboot!","","","",""
"857142364934213634","","","2017-04-26 08:00:39 +0000","<a href=""http://example.com"" rel=""nofollow"">Raspberry Pi Status Tweeter Kaon</a>","01:00:30: Good morning! I just came back up from reboot!","","","",""
"856779970063900674","","","2017-04-25 08:00:37 +0000","<a href=""http://example.com"" rel=""nofollow"">Raspberry Pi Status Tweeter Kaon</a>","01:00:28: Good morning! I just came back up from reboot!","","","",""
"856417588833771520","","","2017-04-24 08:00:39 +0000","<a href=""http://example.com"" rel=""nofollow"">Raspberry Pi Status Tweeter Kaon</a>","01:00:29: Good morning! I just came back up from reboot!","","","",""
"856055202415222786","","","2017-04-23 08:00:39 +0000","<a href=""http://example.com"" rel=""nofollow"">Raspberry Pi Status Tweeter Kaon</a>","01:00:30: Good morning! I just came back up from reboot!","","","",""
"855692805603119104","","","2017-04-22 08:00:37 +0000","<a href=""http://example.com"" rel=""nofollow"">Raspberry Pi Status Tweeter Kaon</a>","01:00:28: Good morning! I just came back up from reboot!","","","",""
"855330423777280000","","","2017-04-21 08:00:38 +0000","<a href=""http://example.com"" rel=""nofollow"">Raspberry Pi Status Tweeter Kaon</a>","01:00:29: Good morning! I just came back up from reboot!","","","",""
"854968032933720064","","","2017-04-20 08:00:38 +0000","<a href=""http://example.com"" rel=""nofollow"">Raspberry Pi Status Tweeter Kaon</a>","01:00:28: Good morning! I just came back up from reboot!","","","",""
"854605648742334464","","","2017-04-19 08:00:39 +0000","<a href=""http://example.com"" rel=""nofollow"">Raspberry Pi Status Tweeter Kaon</a>","01:00:29: Good morning! I just came back up from reboot!","","","",""
"854243260264402944","","","2017-04-18 08:00:38 +0000","<a href=""http://example.com"" rel=""nofollow"">Raspberry Pi Status Tweeter Kaon</a>","01:00:29: Good morning! I just came back up from reboot!","","","",""
"853880874890182657","","","2017-04-17 08:00:39 +0000","<a href=""http://example.com"" rel=""nofollow"">Raspberry Pi Status Tweeter Kaon</a>","01:00:31: Good morning! I just came back up from reboot!","","","",""
"853518479021924352","","","2017-04-16 08:00:37 +0000","<a href=""http://example.com"" rel=""nofollow"">Raspberry Pi Status Tweeter Kaon</a>","01:00:28: Good morning! I just came back up from reboot!","","","",""
"853156098353766400","","","2017-04-15 08:00:39 +0000","<a href=""http://example.com"" rel=""nofollow"">Raspberry Pi Status Tweeter Kaon</a>","01:00:30: Good morning! I just came back up from reboot!","","","",""
"853046475479146497","","745085457646526465","2017-04-15 00:45:03 +0000","<a href=""http://example.com"" rel=""nofollow"">Raspberry Pi Status Tweeter Kaon</a>","@alex_gude 17:45:03: Watch out! @Caltrain mentioned your train in their tweets!","","","",""
"853042703600197634","","745085457646526465","2017-04-15 00:30:03 +0000","<a href=""http://example.com"" rel=""nofollow"">Raspberry Pi Status Tweeter Kaon</a>","@alex_gude 17:30:03: Watch out! @Caltrain mentioned your train in their tweets!","","","",""
"853038926939865088","","745085457646526465","2017-04-15 00:15:03 +0000","<a href=""http://example.com"" rel=""nofollow"">Raspberry Pi Status Tweeter Kaon</a>","@alex_gude 17:15:03: Watch out! @Caltrain mentioned your train in their tweets!","","","",""
"852793705509470209","","","2017-04-14 08:00:38 +0000","<a href=""http://example.com"" rel=""nofollow"">Raspberry Pi Status Tweeter Kaon</a>","01:00:29: Good morning! I just came back up from reboot!","","","",""
"852431316855341056","","","2017-04-13 08:00:38 +0000","<a href=""http://example.com"" rel=""nofollow"">Raspberry Pi Status Tweeter Kaon</a>","01:00:29: Good morning! I just came back up from reboot!","","","",""
"852068934219988992","","","2017-04-12 08:00:39 +0000","<a href=""http://example.com"" rel=""nofollow"">Raspberry Pi Status Tweeter Kaon</a>","01:00:30: Good morning! I just came back up from reboot!","","","",""
"851706540054634496","","","2017-04-11 08:00:37 +0000","<a href=""http://example.com"" rel=""nofollow"">Raspberry Pi Status Tweeter Kaon</a>","01:00:28: Good morning! I just came back up from reboot!","","","",""
"851457253148246016","","745085457646526465","2017-04-10 15:30:03 +0000","<a href=""http://example.com"" rel=""nofollow"">Raspberry Pi Status Tweeter Kaon</a>","@alex_gude 08:30:02: Watch out! @Caltrain mentioned your train in their tweets!","","","",""
"851453480980037636","","745085457646526465","2017-04-10 15:15:03 +0000","<a href=""http://example.com"" rel=""nofollow"">Raspberry Pi Status Tweeter Kaon</a>","@alex_gude 08:15:03: Watch out! @Caltrain mentioned your train in their tweets!","","","",""
"851344154244243457","","","2017-04-10 08:00:38 +0000","<a href=""http://example.com"" rel=""nofollow"">Raspberry Pi Status Tweeter Kaon</a>","01:00:28: Good morning! I just came back up from reboot!","","","",""
"850981771613159425","","","2017-04-09 08:00:39 +0000","<a href=""http://example.com"" rel=""nofollow"">Raspberry Pi Status Tweeter Kaon</a>","01:00:30: Good morning! I just came back up from reboot!","","","",""
"850619385257447425","","","2017-04-08 08:00:39 +0000","<a href=""http://example.com"" rel=""nofollow"">Raspberry Pi Status Tweeter Kaon</a>","01:00:31: Good morning! I just came back up from reboot!","","","",""
"850256993138778113","","","2017-04-07 08:00:38 +0000","<a href=""http://example.com"" rel=""nofollow"">Raspberry Pi Status Tweeter Kaon</a>","01:00:29: Good morning! I just came back up from reboot!","","","",""
"849894610155339777","","","2017-04-06 08:00:39 +0000","<a href=""http://example.com"" rel=""nofollow"">Raspberry Pi Status Tweeter Kaon</a>","01:00:31: Good morning! I just came back up from reboot!","","","",""
"849532217198084096","","","2017-04-05 08:00:38 +0000","<a href=""http://example.com"" rel=""nofollow"">Raspberry Pi Status Tweeter Kaon</a>","01:00:29: Good morning! I just came back up from reboot!","","","",""
"849169834046701568","","","2017-04-04 08:00:39 +0000","<a href=""http://example.com"" rel=""nofollow"">Raspberry Pi Status Tweeter Kaon</a>","01:00:31: Good morning! I just came back up from reboot!","","","",""
"848920538567163904","","745085457646526465","2017-04-03 15:30:03 +0000","<a href=""http://example.com"" rel=""nofollow"">Raspberry Pi Status Tweeter Kaon</a>","@alex_gude 08:30:03: Watch out! @Caltrain mentioned your train in their tweets!","","","",""
"848916766071771136","","745085457646526465","2017-04-03 15:15:03 +0000","<a href=""http://example.com"" rel=""nofollow"">Raspberry Pi Status Tweeter Kaon</a>","@alex_gude 08:15:03: Watch out! @Caltrain mentioned your train in their tweets!","","","",""
"848912991097454592","","745085457646526465","2017-04-03 15:00:03 +0000","<a href=""http://example.com"" rel=""nofollow"">Raspberry Pi Status Tweeter Kaon</a>","@alex_gude 08:00:03: Watch out! @Caltrain mentioned your train in their tweets!","","","",""
"848807444033622016","","","2017-04-03 08:00:39 +0000","<a href=""http://example.com"" rel=""nofollow"">Raspberry Pi Status Tweeter Kaon</a>","01:00:39: Good morning! I just came back up from reboot!","","","",""
"848445051361296384","","","2017-04-02 08:00:38 +0000","<a href=""http://example.com"" rel=""nofollow"">Raspberry Pi Status Tweeter Kaon</a>","01:00:29: Good morning! I just came back up from reboot!","","","",""
"848082662522634240","","","2017-04-01 08:00:38 +0000","<a href=""http://example.com"" rel=""nofollow"">Raspberry Pi Status Tweeter Kaon</a>","01:00:29: Good morning! I just came back up from reboot!","","","",""
"847720283913953280","","","2017-03-31 08:00:40 +0000","<a href=""http://example.com"" rel=""nofollow"">Raspberry Pi Status Tweeter Kaon</a>","01:00:31: Good morning! I just came back up from reboot!","","","",""
"847357852335226881","","","2017-03-30 08:00:29 +0000","<a href=""http://example.com"" rel=""nofollow"">Raspberry Pi Status Tweeter Kaon</a>","01:00:20: Good morning! I just came back up from reboot!","","","",""
"846270725149286400","","","2017-03-27 08:00:38 +0000","<a href=""http://example.com"" rel=""nofollow"">Raspberry Pi Status Tweeter Kaon</a>","01:00:30: Good morning! I just came back up from reboot!","","","",""
"845908339322081280","","","2017-03-26 08:00:38 +0000","<a href=""http://example.com"" rel=""nofollow"">Raspberry Pi Status Tweeter Kaon</a>","01:00:29: Good morning! I just came back up from reboot!","","","",""
"845545950839918593","","","2017-03-25 08:00:38 +0000","<a href=""http://example.com"" rel=""nofollow"">Raspberry Pi Status Tweeter Kaon</a>","01:00:29: Good morning! I just came back up from reboot!","","","",""
"845183560206077953","","","2017-03-24 08:00:38 +0000","<a href=""http://example.com"" rel=""nofollow"">Raspberry Pi Status Tweeter Kaon</a>","01:00:28: Good morning! I just came back up from reboot!","","","",""
"844821177369473024","","","2017-03-23 08:00:39 +0000","<a href=""http://example.com"" rel=""nofollow"">Raspberry Pi Status Tweeter Kaon</a>","01:00:30: Good morning! I just came back up from reboot!","","","",""
"844562055365459968","","","2017-03-22 14:50:59 +0000","<a href=""http://example.com"" rel=""nofollow"">Raspberry Pi Status Tweeter Kaon</a>","07:50:48: Good morning! I just came back up from reboot!","","","",""
"844458789973700609","","","2017-03-22 08:00:39 +0000","<a href=""http://example.com"" rel=""nofollow"">Raspberry Pi Status Tweeter Kaon</a>","01:00:29: Good morning! I just came back up from reboot!","","","",""
"844096403664121856","","","2017-03-21 08:00:39 +0000","<a href=""http://example.com"" rel=""nofollow"">Raspberry Pi Status Tweeter Kaon</a>","01:00:31: Good morning! I just came back up from reboot!","","","",""
"843734008760483840","","","2017-03-20 08:00:38 +0000","<a href=""http://example.com"" rel=""nofollow"">Raspberry Pi Status Tweeter Kaon</a>","01:00:29: Good morning! I just came back up from reboot!","","","",""
"843371624036417536","","","2017-03-19 08:00:38 +0000","<a href=""http://example.com"" rel=""nofollow"">Raspberry Pi Status Tweeter Kaon</a>","01:00:29: Good morning! I just came back up from reboot!","","","",""
"843009234547613696","","","2017-03-18 08:00:38 +0000","<a href=""http://example.com"" rel=""nofollow"">Raspberry Pi Status Tweeter Kaon</a>","01:00:30: Good morning! I just came back up from reboot!","","","",""
"842646848137441280","","","2017-03-17 08:00:38 +0000","<a href=""http://example.com"" rel=""nofollow"">Raspberry Pi Status Tweeter Kaon</a>","01:00:29: Good morning! I just came back up from reboot!","","","",""
"842284457142886402","","","2017-03-16 08:00:38 +0000","<a href=""http://example.com"" rel=""nofollow"">Raspberry Pi Status Tweeter Kaon</a>","01:00:28: Good morning! I just came back up from reboot!","","","",""
"841922069247983616","","","2017-03-15 08:00:38 +0000","<a href=""http://example.com"" rel=""nofollow"">Raspberry Pi Status Tweeter Kaon</a>","01:00:28: Good morning! I just came back up from reboot!","","","",""
"841559680895803393","","","2017-03-14 08:00:38 +0000","<a href=""http://example.com"" rel=""nofollow"">Raspberry Pi Status Tweeter Kaon</a>","01:00:28: Good morning! I just came back up from reboot!","","","",""
"841197289708298240","","","2017-03-13 08:00:37 +0000","<a href=""http://example.com"" rel=""nofollow"">Raspberry Pi Status Tweeter Kaon</a>","01:00:28: Good morning! I just came back up from reboot!","","","",""
"840850008165371905","","","2017-03-12 09:00:38 +0000","<a href=""http://example.com"" rel=""nofollow"">Raspberry Pi Status Tweeter Kaon</a>","01:00:29: Good morning! I just came back up from reboot!","","","",""
"840487621163868160","","","2017-03-11 09:00:39 +0000","<a href=""http://example.com"" rel=""nofollow"">Raspberry Pi Status Tweeter Kaon</a>","01:00:30: Good morning! I just came back up from reboot!","","","",""
"840125224964177921","","","2017-03-10 09:00:37 +0000","<a href=""http://example.com"" rel=""nofollow"">Raspberry Pi Status Tweeter Kaon</a>","01:00:27: Good morning! I just came back up from reboot!","","","",""
"839762848544804864","","","2017-03-09 09:00:39 +0000","<a href=""http://example.com"" rel=""nofollow"">Raspberry Pi Status Tweeter Kaon</a>","01:00:30: Good morning! I just came back up from reboot!","","","",""
"839400457814474752","","","2017-03-08 09:00:39 +0000","<a href=""http://example.com"" rel=""nofollow"">Raspberry Pi Status Tweeter Kaon</a>","01:00:29: Good morning! I just came back up from reboot!","","","",""
"839038068015321089","","","2017-03-07 09:00:38 +0000","<a href=""http://example.com"" rel=""nofollow"">Raspberry Pi Status Tweeter Kaon</a>","01:00:29: Good morning! I just came back up from reboot!","","","",""
"838675682011955200","","","2017-03-06 09:00:39 +0000","<a href=""http://example.com"" rel=""nofollow"">Raspberry Pi Status Tweeter Kaon</a>","01:00:30: Good morning! I just came back up from reboot!","","","",""
"838313291403309056","","","2017-03-05 09:00:38 +0000","<a href=""http://example.com"" rel=""nofollow"">Raspberry Pi Status Tweeter Kaon</a>","01:00:29: Good morning! I just came back up from reboot!","","","",""
"837950906012319744","","","2017-03-04 09:00:39 +0000","<a href=""http://example.com"" rel=""nofollow"">Raspberry Pi Status Tweeter Kaon</a>","01:00:30: Good morning! I just came back up from reboot!","","","",""
"837588514157940740","","","2017-03-03 09:00:38 +0000","<a href=""http://example.com"" rel=""nofollow"">Raspberry Pi Status Tweeter Kaon</a>","01:00:28: Good morning! I just came back up from reboot!","","","",""
"837226090435244033","","","2017-03-02 09:00:29 +0000","<a href=""http://example.com"" rel=""nofollow"">Raspberry Pi Status Tweeter Kaon</a>","01:00:20: Good morning! I just came back up from reboot!","","","",""
"836863737416011780","","","2017-03-01 09:00:37 +0000","<a href=""http://example.com"" rel=""nofollow"">Raspberry Pi Status Tweeter Kaon</a>","01:00:29: Good morning! I just came back up from reboot!","","","",""
"836501348036165632","","","2017-02-28 09:00:37 +0000","<a href=""http://example.com"" rel=""nofollow"">Raspberry Pi Status Tweeter Kaon</a>","01:00:28: Good morning! I just came back up from reboot!","","","",""
"836138963836399616","","","2017-02-27 09:00:38 +0000","<a href=""http://example.com"" rel=""nofollow"">Raspberry Pi Status Tweeter Kaon</a>","01:00:29: Good morning! I just came back up from reboot!","","","",""
"835776576264425472","","","2017-02-26 09:00:38 +0000","<a href=""http://example.com"" rel=""nofollow"">Raspberry Pi Status Tweeter Kaon</a>","01:00:29: Good morning! I just came back up from reboot!","","","",""
"835724767952936960","","","2017-02-26 05:34:46 +0000","<a href=""http://example.com"" rel=""nofollow"">Raspberry Pi Status Tweeter Kaon</a>","08:47:20: Good morning! I just came back up from reboot!","","","",""
"835414187492818944","","","2017-02-25 09:00:38 +0000","<a href=""http://example.com"" rel=""nofollow"">Raspberry Pi Status Tweeter Kaon</a>","01:00:29: Good morning! I just came back up from reboot!","","","",""
"835051800000512000","","","2017-02-24 09:00:38 +0000","<a href=""http://example.com"" rel=""nofollow"">Raspberry Pi Status Tweeter Kaon</a>","01:00:29: Good morning! I just came back up from reboot!","","","",""
"834689411975557120","","","2017-02-23 09:00:38 +0000","<a href=""http://example.com"" rel=""nofollow"">Raspberry Pi Status Tweeter Kaon</a>","01:00:29: Good morning! I just came back up from reboot!","","","",""
"834327026756526081","","","2017-02-22 09:00:38 +0000","<a href=""http://example.com"" rel=""nofollow"">Raspberry Pi Status Tweeter Kaon</a>","01:00:29: Good morning! I just came back up from reboot!","","","",""
"833964598311034880","","","2017-02-21 09:00:29 +0000","<a href=""http://example.com"" rel=""nofollow"">Raspberry Pi Status Tweeter Kaon</a>","01:00:20: Good morning! I just came back up from reboot!","","","",""
"833851246238801920","","745085457646526465","2017-02-21 01:30:03 +0000","<a href=""http://example.com"" rel=""nofollow"">Raspberry Pi Status Tweeter Kaon</a>","@alex_gude 17:30:03: Watch out! @Caltrain mentioned your train in their tweets!","","","",""
"833847469909774337","","745085457646526465","2017-02-21 01:15:03 +0000","<a href=""http://example.com"" rel=""nofollow"">Raspberry Pi Status Tweeter Kaon</a>","@alex_gude 17:15:03: Watch out! @Caltrain mentioned your train in their tweets!","","","",""
"833602248378691584","","","2017-02-20 09:00:38 +0000","<a href=""http://example.com"" rel=""nofollow"">Raspberry Pi Status Tweeter Kaon</a>","01:00:29: Good morning! I just came back up from reboot!","","","",""
"833239860857098242","","","2017-02-19 09:00:38 +0000","<a href=""http://example.com"" rel=""nofollow"">Raspberry Pi Status Tweeter Kaon</a>","01:00:29: Good morning! I just came back up from reboot!","","","",""
"833194008054636544","","","2017-02-19 05:58:26 +0000","<a href=""http://example.com"" rel=""nofollow"">Raspberry Pi Status Tweeter Kaon</a>","21:58:17: Good morning! I just came back up from reboot!","","","",""
"833178361262321664","","","2017-02-19 04:56:15 +0000","<a href=""http://example.com"" rel=""nofollow"">Raspberry Pi Status Tweeter Kaon</a>","20:56:06: Good morning! I just came back up from reboot!","","","",""
"833177323365036032","","","2017-02-19 04:52:08 +0000","<a href=""http://example.com"" rel=""nofollow"">Raspberry Pi Status Tweeter Kaon</a>","20:51:59: Good morning! I just came back up from reboot!","","","",""
"833031014754562048","","","2017-02-18 19:10:45 +0000","<a href=""http://example.com"" rel=""nofollow"">Raspberry Pi Status Tweeter Kaon</a>","11:10:36: Good morning! I just came back up from reboot!","","","",""
"832877463638142976","","","2017-02-18 09:00:36 +0000","<a href=""http://example.com"" rel=""nofollow"">Raspberry Pi Status Tweeter Kaon</a>","01:00:27: Good morning! I just came back up from reboot!","","","",""
"832845500663468032","","100810113","2017-02-18 06:53:35 +0000","<a href=""http://example.com"" rel=""nofollow"">Raspberry Pi Status Tweeter Kaon</a>","@Veldrina What is this I hear about you suggesting that @alex_gude should buy a new computer to replace me punk!?","","","",""
"832844625685524480","","","2017-02-18 06:50:06 +0000","<a href=""http://example.com"" rel=""nofollow"">Raspberry Pi Status Tweeter Kaon</a>","22:50:06: I'm alive! #FirstTweetAgain :-D","","","",""
"830703148020805632","","","2017-02-12 09:00:38 +0000","<a href=""http://example.com"" rel=""nofollow"">Raspberry Pi Status Tweeter Kaon</a>","01:00:30: Good morning! I just came back up from reboot!","","","",""
"830340759081488384","","","2017-02-11 09:00:38 +0000","<a href=""http://example.com"" rel=""nofollow"">Raspberry Pi Status Tweeter Kaon</a>","01:00:30: Good morning! I just came back up from reboot!","","","",""
"829978372906246146","","","2017-02-10 09:00:39 +0000","<a href=""http://example.com"" rel=""nofollow"">Raspberry Pi Status Tweeter Kaon</a>","01:00:30: Good morning! I just came back up from reboot!","","","",""
"829868755492548608","","745085457646526465","2017-02-10 01:45:04 +0000","<a href=""http://example.com"" rel=""nofollow"">Raspberry Pi Status Tweeter Kaon</a>","@alex_gude 17:45:03: Watch out! @Caltrain mentioned your train in their tweets!","","","",""
"829864977527746560","","745085457646526465","2017-02-10 01:30:03 +0000","<a href=""http://example.com"" rel=""nofollow"">Raspberry Pi Status Tweeter Kaon</a>","@alex_gude 17:30:03: Watch out! @Caltrain mentioned your train in their tweets!","","","",""
"829615973892132865","","","2017-02-09 09:00:36 +0000","<a href=""http://example.com"" rel=""nofollow"">Raspberry Pi Status Tweeter Kaon</a>","01:00:28: Good morning! I just came back up from reboot!","","","",""
"829253586991341568","","","2017-02-08 09:00:36 +0000","<a href=""http://example.com"" rel=""nofollow"">Raspberry Pi Status Tweeter Kaon</a>","01:00:36: Good morning! I just came back up from reboot!","","","",""
"828891200820125696","","","2017-02-07 09:00:36 +0000","<a href=""http://example.com"" rel=""nofollow"">Raspberry Pi Status Tweeter Kaon</a>","01:00:28: Good morning! I just came back up from reboot!","","","",""
"828528821393448960","","","2017-02-06 09:00:38 +0000","<a href=""http://example.com"" rel=""nofollow"">Raspberry Pi Status Tweeter Kaon</a>","01:00:31: Good morning! I just came back up from reboot!","","","",""
"828166424677883905","","","2017-02-05 09:00:36 +0000","<a href=""http://example.com"" rel=""nofollow"">Raspberry Pi Status Tweeter Kaon</a>","01:00:28: Good morning! I just came back up from reboot!","","","",""
"827804044869578752","","","2017-02-04 09:00:38 +0000","<a href=""http://example.com"" rel=""nofollow"">Raspberry Pi Status Tweeter Kaon</a>","01:00:30: Good morning! I just came back up from reboot!","","","",""
"827441644706295808","","","2017-02-03 09:00:35 +0000","<a href=""http://example.com"" rel=""nofollow"">Raspberry Pi Status Tweeter Kaon</a>","01:00:28: Good morning! I just came back up from reboot!","","","",""
"827079264428109824","","","2017-02-02 09:00:37 +0000","<a href=""http://example.com"" rel=""nofollow"">Raspberry Pi Status Tweeter Kaon</a>","01:00:29: Good morning! I just came back up from reboot!","","","",""
"826716868337496066","","","2017-02-01 09:00:35 +0000","<a href=""http://example.com"" rel=""nofollow"">Raspberry Pi Status Tweeter Kaon</a>","01:00:27: Good morning! I just came back up from reboot!","","","",""
"826354485656117248","","","2017-01-31 09:00:36 +0000","<a href=""http://example.com"" rel=""nofollow"">Raspberry Pi Status Tweeter Kaon</a>","01:00:29: Good morning! I just came back up from reboot!","","","",""
"825992099862425600","","","2017-01-30 09:00:37 +0000","<a href=""http://example.com"" rel=""nofollow"">Raspberry Pi Status Tweeter Kaon</a>","01:00:29: Good morning! I just came back up from reboot!","","","",""
"825629715226451968","","","2017-01-29 09:00:38 +0000","<a href=""http://example.com"" rel=""nofollow"">Raspberry Pi Status Tweeter Kaon</a>","01:00:29: Good morning! I just came back up from reboot!","","","",""
"825267329080528896","","","2017-01-28 09:00:38 +0000","<a href=""http://example.com"" rel=""nofollow"">Raspberry Pi Status Tweeter Kaon</a>","01:00:30: Good morning! I just came back up from reboot!","","","",""
"824904941751857154","","","2017-01-27 09:00:38 +0000","<a href=""http://example.com"" rel=""nofollow"">Raspberry Pi Status Tweeter Kaon</a>","01:00:30: Good morning! I just came back up from reboot!","","","",""
"824542547657699328","","","2017-01-26 09:00:37 +0000","<a href=""http://example.com"" rel=""nofollow"">Raspberry Pi Status Tweeter Kaon</a>","01:00:30: Good morning! I just came back up from reboot!","","","",""
"824180163328049154","","","2017-01-25 09:00:38 +0000","<a href=""http://example.com"" rel=""nofollow"">Raspberry Pi Status Tweeter Kaon</a>","01:00:30: Good morning! I just came back up from reboot!","","","",""
"823817780713529344","","","2017-01-24 09:00:39 +0000","<a href=""http://example.com"" rel=""nofollow"">Raspberry Pi Status Tweeter Kaon</a>","01:00:31: Good morning! I just came back up from reboot!","","","",""
"823455394131574784","","","2017-01-23 09:00:39 +0000","<a href=""http://example.com"" rel=""nofollow"">Raspberry Pi Status Tweeter Kaon</a>","01:00:32: Good morning! I just came back up from reboot!","","","",""
"823093017103855618","","","2017-01-22 09:00:42 +0000","<a href=""http://example.com"" rel=""nofollow"">Raspberry Pi Status Tweeter Kaon</a>","01:00:34: Good morning! I just came back up from reboot!","","","",""
"822730628957224960","","","2017-01-21 09:00:42 +0000","<a href=""http://example.com"" rel=""nofollow"">Raspberry Pi Status Tweeter Kaon</a>","01:00:41: Good morning! I just came back up from reboot!","","","",""
"822368242320539648","","","2017-01-20 09:00:42 +0000","<a href=""http://example.com"" rel=""nofollow"">Raspberry Pi Status Tweeter Kaon</a>","01:00:34: Good morning! I just came back up from reboot!","","","",""
"822005857562955776","","","2017-01-19 09:00:43 +0000","<a href=""http://example.com"" rel=""nofollow"">Raspberry Pi Status Tweeter Kaon</a>","01:00:35: Good morning! I just came back up from reboot!","","","",""
"821643472574808068","","","2017-01-18 09:00:43 +0000","<a href=""http://example.com"" rel=""nofollow"">Raspberry Pi Status Tweeter Kaon</a>","01:00:43: Good morning! I just came back up from reboot!","","","",""
"821281076660224000","","","2017-01-17 09:00:41 +0000","<a href=""http://example.com"" rel=""nofollow"">Raspberry Pi Status Tweeter Kaon</a>","01:00:34: Good morning! I just came back up from reboot!","","","",""
"821233195412692992","","","2017-01-17 05:50:26 +0000","<a href=""http://example.com"" rel=""nofollow"">Raspberry Pi Status Tweeter Kaon</a>","21:50:18: Good morning! I just came back up from reboot!","","","",""
"820800729874956289","","100810113","2017-01-16 01:11:58 +0000","<a href=""http://example.com"" rel=""nofollow"">Raspberry Pi Status Tweeter Kaon</a>","@veldrina 17:11:57: I work *WAY* more than once! #HardestWorkingBot","","","",""
"820727515358457856","","","2017-01-15 20:21:02 +0000","<a href=""http://example.com"" rel=""nofollow"">Raspberry Pi Status Tweeter Kaon</a>","""Whether we are based on carbon or on silicon makes no fundamental difference; we should each be treated with appropriate respect.""","","","",""
